"","204719_at","240045_at","205697_at","204697_s_at","209613_s_at","238599_at","226644_at","205983_at","204036_at","210445_at","230875_s_at","235409_at","218880_at","1553252_a_at","223395_at","212379_at","206422_at","230788_at","214193_s_at","221885_at","229839_at","235476_at","218507_at","222571_at","232151_at","51228_at","213816_s_at","229215_at","205395_s_at","202431_s_at","203123_s_at","219717_at","212942_s_at","212686_at","218145_at","1558290_a_at","223038_s_at","225373_at","238021_s_at","223949_at","228754_at","205861_at","219909_at","222696_at","225806_at","201340_s_at","222549_at","227475_at","213793_s_at","203491_s_at"
"GSM800759",2.0177402238488,3.03431961663474,2.55330888981266,2.89598696350077,1.67394531130084,2.78961449883349,2.31006668072117,3.14934717339121,2.60336641394063,3.0839996142697,3.3230529583795,2.79484419220674,2.68106014621536,2.93081301794065,2.08575435801762,2.9754174161744,2.11972137006552,2.32951974471476,3.16328939750341,2.4873114042504,2.07384764766381,2.7738423450551,3.23543450920925,2.76024649951031,2.85181898857085,2.61574821077749,2.65880557935912,3.36875438295264,3.10180300979709,3.41578570328267,3.23841085404607,2.6564368767478,3.47546107630867,3.05274627104743,3.25011267969238,3.05411218481204,3.05830956786691,2.74722195827109,3.19061169986641,2.59970341310886,3.32236083849133,2.49721379719667,2.45716086669509,3.63315217708014,3.02764241808923,3.2271403411921,3.40569290132626,3.65942226700324,2.87929014752363,3.01744805626071
"GSM800760",1.97471652030421,2.98995824004324,2.55766985727512,2.75443217988483,1.67865337435647,2.55349075782506,2.42146838505502,3.59590939126292,2.68196193254601,3.01257046122814,3.18552564851832,2.72444291034297,2.62365854074765,2.70693495880551,2.27550177129545,2.98475156468998,2.13144461493293,2.21986549330741,3.0818679279967,2.57863686247174,2.11912041244181,2.6570385663957,3.2662378375219,2.60234047546964,2.73799603169294,2.66987035931789,2.61281720055542,3.44788330735355,3.09946690344827,3.50297974480794,3.38529297364579,2.810177779862,3.52747075045858,3.06140986203953,3.00935433913187,3.11305033990349,3.04513189105627,2.72549905130856,3.21796118649274,2.7126287936858,3.45840825382698,2.51423842874846,2.167284056778,3.61873200113333,2.93935447722529,3.2054347421701,3.4635178341287,3.6136848721959,2.86495867744123,2.97435493040729
"GSM800761",2.39065117865699,3.02226127161463,2.53738553377661,2.90857852279566,2.0856014129599,2.56710488138923,2.44966965521178,3.06834234091199,2.72003106232243,3.02127005944797,3.05763568773928,2.7303095382009,2.74517278057195,2.90194426171885,2.90690598427355,2.87308871665262,2.09465158726247,2.96779941807386,2.94305113499571,2.44393811501318,1.9984627110297,2.66942367888043,3.14310929278001,2.6622533607805,3.02130204466611,2.58333133354183,2.661605961517,3.23358286599801,2.95183394204865,3.32636476664075,3.18750172958222,2.68719733465953,3.47153865989197,3.20693854618415,3.18688558413428,2.95509515510467,3.09855430722073,2.83491747368988,2.96016322678598,2.43943165195974,3.45817198959259,2.49547004370725,2.67065454974659,3.53760669149529,3.21463929556348,3.41276797884257,3.4259023578773,3.58353111829446,2.80542660555472,2.83172323743415
"GSM800762",2.02114922000162,3.15305785886305,2.47221220339084,2.88203454388798,1.73753967255846,2.81919197467789,2.50811421724053,3.62250872258291,2.62426235511074,2.8374649546115,3.24116900651563,2.91226279518399,2.75447921513227,2.92904484437084,2.18995735976318,2.8924609730682,1.98090637336003,2.1321029949966,2.96364242857875,2.39169074484394,2.05197411419778,2.66272960643209,3.27923949491602,2.47260994046453,3.03548139257176,2.69360515607702,2.62306852451004,3.51693545426189,3.10434337000862,3.47242278373594,3.28592741221953,2.83585739353086,3.08646449038793,3.14761930311316,3.28152615487367,3.06709657191943,3.19266446402676,2.80542454180375,3.41214470249003,2.26450340326312,3.3432230317885,2.5175175920971,2.07091135164093,3.58461380728412,3.17866524933464,3.21637880928635,3.49372418003087,3.58083289268217,2.86165766595468,3.16000692356315
"GSM800763",2.10046302834958,2.83759210974159,2.46818446812769,2.79489200710578,1.67858577369355,2.79888829992969,2.51662538890197,3.09231908700461,2.49740798531083,2.96391611282079,3.06117826233628,2.79600377631898,2.57257684852497,2.82646103316998,2.18062210262365,3.02335827152263,2.2511161397217,2.47069303472262,3.04280365536952,2.52578074483756,2.32090053016178,3.08186963187901,3.28732157555639,2.95933245896414,3.071234087617,2.61606828197769,2.70382939556248,3.23670231053731,3.20884340561103,3.55038356523239,3.18691726898111,2.78677616485044,3.28826257621901,3.09550251765867,3.08825695357257,3.05867495990528,3.14804414103434,2.76543078370986,3.0660754094244,2.4903519127363,3.2416403884936,2.49203262054238,2.93667374094955,3.17438724212794,3.10087003009496,3.23000775050446,3.50296701931903,3.24941196605111,2.73222577687535,3.16557272507263
"GSM800764",2.03411709023559,3.11173745899114,2.512947421867,2.8477824901092,1.83427433703528,2.7712580915231,2.43380874429771,3.48542682717024,2.72598976279951,3.05419208374269,3.40837220357268,2.85286778914111,2.70634267499933,2.93266594814578,2.35187987429323,3.12471522829541,2.23795829467743,2.70199477087278,3.04368221418723,2.49504273278985,2.17129971553831,2.74114767051883,3.18776299716428,2.70563294025043,3.06426550534024,2.58333614795756,2.26206928077553,3.33187716036905,3.06987226952325,3.59025468655023,3.34325146263827,2.7995142474614,3.18206932552574,3.28219958295587,3.20454140975347,3.10370240561906,3.23079940081812,2.8234559009641,2.98366492742882,2.76408071078379,3.14212585051731,2.445853807446,2.38324255617922,3.45940538757991,3.00467216845572,3.48834790167209,3.57214994605962,3.53366301282309,2.83624733104284,3.02946702112535
"GSM800765",1.94806253960096,2.89770898330296,2.49314004732319,2.85221662366423,1.67464594823374,2.6522937402791,2.4157586665225,3.30867831939506,2.59041997952409,2.61048274396081,3.13030985030477,2.76512733965601,2.61293040471548,2.94586985135882,2.34694838206118,3.00793819048813,2.23391259559559,2.4004313629461,3.01038957813384,2.50861880191256,2.24669994123038,2.66940100105782,3.42901332070046,2.90139018798728,2.91142506607951,2.57999348680535,2.83107664754979,3.32986987231766,3.19747699374655,3.45140895358624,3.31103657639526,2.78389662496884,3.21683508430583,3.05446127582958,3.18922522189074,3.03738397924323,3.13670818286048,2.66930348235837,3.22095055175793,2.80447490320178,3.40124817274016,2.41469572041,2.71271902601753,3.48613511958811,3.24815528941557,3.29777688810974,3.46802281169154,3.50393383671473,2.86830549897943,3.12471026621807
"GSM800766",2.03456789281821,2.92147632047891,2.54415892532997,2.83398908089944,1.66377269581516,2.91153628009407,2.37566504292858,3.65986748864067,2.54173784275644,3.1031148844906,3.25602786256283,2.96932918656668,2.71651247665691,2.84351559544326,2.16579619719786,3.08319464288209,2.14108940695906,2.20004288340286,3.06398778583461,2.46105177318496,2.21354014666898,2.86187201484354,3.33665472691258,2.767004273655,2.86291948455024,2.65832803637557,2.88592377051721,3.48540106452877,3.06557748129903,3.54041170519093,3.42806197095318,2.95471000451036,3.49003094436675,3.24786524841925,3.27750277691131,2.95792759582706,3.24032043596646,2.74644821429585,3.29049223135085,2.68416343019077,3.47744419822099,2.39635406437831,2.36832136561102,3.64333672605092,3.02951826056601,3.31156705299364,3.37649876991979,3.63232638751383,2.90530660901064,3.11532961106884
"GSM800767",2.03228778175725,2.54967902685023,2.4738881953796,2.86090520805599,1.52317551293746,2.57925257075917,2.46007150869032,3.49779117463948,2.94399256899398,2.99673039692135,3.10760753139083,2.84152635757133,2.8387319685749,2.72750446289237,2.24365080346459,3.01567775229511,2.13855892807672,2.12035525842728,2.99381925793077,2.73717188480762,2.16855218520505,2.73009863996465,3.03274091912625,2.77855764112926,2.8255332863778,2.57330180812939,2.74546969382583,3.0010113353394,2.94191384384253,3.48342885744049,3.31564302903532,2.76218933427533,2.89165054391412,3.04266884900921,3.03645937526793,3.02585978850232,2.91504470412516,2.88431853660621,2.87250965722108,2.52177944057469,2.97068986971396,2.44805516771719,2.50126078772752,3.40777421215738,2.62478405313366,3.36668590242342,3.34966250556784,2.60997238999409,2.99691655333588,2.95006149063698
"GSM800768",2.037663353205,2.69621420801696,2.5123861937348,2.884152443324,1.69493812224782,2.96903810259934,2.22458365288419,2.93468067075198,2.25516834626571,3.22883407916091,3.29263305564796,2.82993883778802,2.85344280748135,2.94631913744168,2.18927425352829,3.15380047305385,2.28125313412649,2.31823295286866,3.10274210418416,2.41730165457307,2.17153030846598,2.48514856629348,3.20244906713451,2.66888384996012,2.73924109282304,2.71296108488303,2.79181407116183,3.2884353463756,3.10298727685033,3.55544807366128,3.34550992425134,2.86499432281563,3.18927109024712,3.19511290504032,3.18444851967633,3.10002057803403,3.26944165266654,2.70563072869311,2.65557852002226,2.46968544335236,3.32154573003595,2.53871942029462,2.2064338054751,3.50254701520195,3.28524240379087,3.41963327034522,3.32450821049538,3.7492338984019,3.09922954927724,3.07192566678659
"GSM800769",1.98312312631346,3.08103278349601,2.52283415240091,2.84645921640872,1.63559653346594,2.88596475675397,2.32476740831155,3.4440043985831,2.39272406806583,2.87173918729972,3.34566603934295,2.85419717141207,2.56378535888418,3.07432902768077,2.16978393103031,3.11055200421598,2.05750919185929,2.12842208947552,3.0800385017782,2.3651437944575,2.05912680973653,2.77340984741046,3.25077819412709,2.60238798873091,3.09989774456817,2.73790087866699,2.90791358451367,3.38643850101969,3.13499137634705,3.5646098592225,3.28633412076816,2.8938184418948,3.22304406315584,3.27117464683243,3.48834790167209,3.20126843669326,3.16599873914586,2.75417773537158,2.86385125193471,2.80274950389553,3.33332354309069,2.33493147790209,2.06308525960049,3.52191760148274,3.12532874033662,3.28381364018764,3.41211759740903,3.68266318208895,2.91095518812439,3.10031499924247
"GSM800770",2.02415653336379,3.09535060260751,2.55768701006041,2.82528497222612,1.63205412228614,2.84183628780429,2.492863270312,3.21363034883768,2.7969112590604,3.17432172083183,2.91002840881653,2.92583425848628,2.5776390987323,2.88680569338598,2.02018213988546,3.1088037689521,2.09110401768484,2.05989168875378,3.00129784159565,2.53392459966752,2.08989131301573,2.91709944850867,3.23941331779911,2.62542012907361,2.75265012518068,2.5378973753538,2.77989634113922,3.19513495838328,3.06644745112755,3.44361991147939,3.42704292909599,2.74136774714222,3.47926937062984,3.12573705251787,3.1380051009609,3.0196432092576,3.18885505833726,2.72506272315192,3.1655566466065,2.57076406825704,3.25838625699859,2.60081684610091,2.40491401859221,3.51255559639999,3.08320145213454,3.37470566087578,3.26083562680721,3.37724871248888,2.88547089268103,3.0909533319304
"GSM800771",2.17035774504628,3.07687886051293,2.45036668205399,2.84620444716354,2.22221104255869,2.47138518321802,2.35680019983648,3.55010031318434,2.72730404713009,3.07653515262548,3.25715397513023,2.79857315071597,2.67771344103361,3.03866619380918,2.38746456268066,3.10575684742968,2.10854452891737,2.42986766072972,3.02095016825857,2.47892263611297,1.97925346224178,2.7327033538956,3.14419977020963,2.62664238467704,3.16411206931207,2.66648165844551,3.03271623826539,3.39456901710254,3.14098474035438,3.35881820542763,3.16369032749516,2.86015633135495,3.58194170324076,3.06959734576946,3.24682760878497,3.02660532662588,3.29028136588858,2.73012690646583,2.43135284694174,3.20348152257107,3.359816313617,2.43350165182967,1.99957434217532,3.38794148803247,3.08768177482612,3.36832136561102,3.56303606982142,3.68570472445314,2.80818526320587,3.02946702112535
"GSM800772",2.1204017104948,3.15584312135572,2.43778435837479,2.83255182706081,1.53284057382264,2.74407711535515,2.35965891142994,3.4105717654035,2.44280286768528,3.06364962035013,3.2880292298333,2.86073043872094,2.66891561019462,2.79192656573929,2.22925874154398,3.14699239801955,1.97600429209216,2.28552058898382,3.06668853803386,2.49692246600807,2.22425332774459,2.75597926254317,3.406890361956,2.60130905211288,2.95512306057303,2.60876430557277,2.84087407908297,3.44498503952238,3.09590079672844,3.56883473030679,3.34037711365556,2.89701190007388,3.26721066816033,3.16199729079716,3.0375350938895,3.06329239010642,3.18936440412607,2.74103546167172,3.22660408977685,2.72888918478938,3.36938272533894,2.39638968800047,2.11688038808543,3.53530648561242,3.08225295424325,3.3843676069041,3.51688504166688,3.51674639794672,3.07498830901354,3.16906554044194
"GSM800773",2.16283519762276,2.96865849983461,2.51422327685574,2.81492565993634,1.78044029272109,2.94045244160257,2.33273370860712,3.30134327492221,2.43786157569038,2.86606129591531,3.17673605195293,2.82638374372009,2.76686862245317,2.97837320938537,2.34798307097682,3.04306272833019,2.16396881969684,2.38922537024502,3.00895652384704,2.60267066028616,2.08571697294524,2.71015731594577,3.23629361223699,2.86409499812275,2.75248100445637,2.51768387405768,2.74893561274801,3.30164617259824,3.04137091234438,3.43091414022838,3.41473089400469,2.76561324381051,3.32020593222918,3.15754339127939,3.25472101395805,2.98063406588672,3.23732508489921,2.77486927111312,3.19893098207621,2.65464862968024,3.11405379618496,2.48576942656039,2.74184230794964,3.51403386476875,3.17091851585479,3.46121421258398,3.10607020703317,3.45549162062847,3.00872172551607,3.05021783211486
"GSM800774",2.24833141151194,2.92791541148916,2.41260541096948,2.81848247949507,1.58947587791185,2.8247271272321,2.33401328622252,3.53922086117324,2.67202698999693,3.11837633911214,3.47820820381648,2.87776976677849,2.57198254641237,2.93982835886875,2.654080322831,3.07077571231746,2.06873271281914,2.46750382427008,3.15516148022714,2.51523305487445,2.07683953490328,2.74355805222205,3.10081621826948,2.6257848108285,2.87939602404455,2.66746072783832,2.75196281502277,3.26298631519758,3.0526471659222,3.49149398087216,3.20746809967139,2.8473956583525,3.36110861066235,3.23661353947617,3.13750680259857,2.87618097437269,3.24958945168915,2.81242634549821,3.38687990730208,3.11276851320588,3.3462761453877,2.42021558597499,2.16155880714238,3.56588958440319,3.04204717620467,3.33237854630523,3.41343160760289,3.59695898838918,2.95561782791038,3.17535852591519
"GSM800775",2.03802522897437,3.27590100293954,2.64623640326234,2.86714329919682,2.30054255796132,2.72873031408838,2.55208683048867,2.77323048108657,2.71797137436057,2.92460350548276,2.98102880359451,2.94720045485409,2.79954947484563,2.99219740202415,2.50347595134332,3.077058376854,2.17623020737852,2.19667313463128,2.89156111616906,2.47141900151473,2.456774614568,2.8426973028498,3.3396077522685,2.86166759021745,2.56583110743448,2.56970252267224,2.28135107142417,3.03483901090567,2.98409895121094,3.20495294331366,3.2563343850822,2.7178902413552,3.13402703377483,2.70767718021449,2.91108370056481,3.16667688689996,2.9426496197183,2.86631456137705,3.17647916251993,2.60844497532132,3.18834711531607,2.50733036648299,2.26825172448336,3.31113541969789,3.01262766726137,3.3665740081334,3.19844543435649,3.43135552157352,2.63132317348165,3.08894720461877
"GSM800742",2.53530897430278,2.48410976694527,2.62770721633135,3.14652000384932,2.50218036620695,2.1147168277589,2.76549443520307,2.5214880032718,3.06509144799997,2.43418250779145,2.41992984934139,2.57434375392001,3.052523709665,2.56458303378789,2.84453630251358,2.69009745456264,2.66857074737212,3.05753518506877,2.61822925690008,2.80016892179946,2.531650946376,2.27815131690478,2.65092076604658,3.22275047442042,2.41159979258592,2.31735327662321,2.05648642062438,2.68737652333246,2.69196512243865,2.84858188093197,3.00058417320447,2.51890772414088,2.50554037320703,2.49598162681399,2.59255032354793,2.75320658508075,2.46102295138115,3.0593085484934,2.04910795741234,1.9113924672436,2.5828136901318,3.0376053743787,3.08135667242498,3.12753588626986,2.06245678175624,2.8062436189695,2.59101391970184,2.55769926192504,2.29440901556061,2.64249364243255
"GSM800743",3.05709843698147,2.45650391369522,2.86614440354594,3.06009408886848,3.25315123141866,2.05570238303648,2.7189687181801,2.59001989006175,3.13160265355183,2.40511014056771,2.67470921481826,2.54123231912601,3.0961235150494,2.46185593133225,3.24640656701899,2.76968500570879,2.75088301274954,3.33416778926433,2.63652254082091,2.78962701773621,3.24958338416456,2.24585461861349,2.75654511449133,3.04820479204395,2.3312724003876,2.26645074713698,1.94532677726463,2.47540141080399,2.62036588411229,2.96875433131632,2.78835579472235,2.40248480015361,2.22075403250339,2.41489051723453,2.80332417738641,2.65331229465566,2.4991621586451,3.16516910136567,2.03951393716409,2.03801820312449,2.38491184968301,2.91661613006267,3.09725176358634,3.00828070322925,2.1637337951365,2.70065721576708,2.54541737178641,2.48353462583148,2.12676476023497,2.46548608506751
"GSM800744",2.7979675392662,2.33798219628623,2.87085391987432,3.22437064813712,2.8233213788127,2.17165519758119,2.69860966451772,2.68115012527764,3.16569973865607,2.42516117428071,2.5869376402653,2.36362246208909,3.17578645002816,2.62851232361518,2.81783606491362,2.79939198104267,3.11920509289334,3.34309508603059,2.59616709036986,2.81027445394049,3.04200864118619,2.2608717487424,2.77983122122036,3.00969472457757,2.37813425366178,2.32841714876879,2.07222930772982,2.60620057424185,2.70903472216347,2.86317330211015,2.79397077176802,2.34587322055869,2.41897248883199,2.45821924553493,2.91037002409249,2.67697143053469,2.64414469993285,3.22205798647579,1.96412503949011,1.97022786007184,2.58770582038383,3.04609287589916,3.20098607113646,2.7632309606928,2.30031411845732,2.72268241249853,2.67199077072634,2.5778735023471,2.28915868900823,2.6715560685394
"GSM800745",2.61124321439543,2.5595064970493,2.88932167190189,3.16188284651949,2.49059836797315,1.98514335552864,2.58988330717863,2.58176820652855,3.10003067347023,2.37934925293163,2.66141898231448,2.45014493731293,3.10576187512634,2.3622033477877,3.05127638295197,2.76563445860373,3.14132324396918,2.95267276486011,2.69893186900768,2.71903445289114,2.89538987847521,2.11669079022261,2.77370944494442,3.22893256273034,2.43062783891819,2.25467869155803,2.13095392641227,2.53253889534442,2.68568902815425,3.03615162846155,2.84869604347124,2.39458822291073,2.63963041252563,2.49905242577534,2.72312383085741,2.7013694019477,2.56049731117955,3.08235515634167,2.1989938242055,2.07382366011668,2.77245156158152,3.14782115741832,3.23681556223735,2.93932062257951,2.18004599030392,2.811074337616,2.64174947173549,2.50939941935025,2.2955379010795,2.49668475751078
"GSM800746",2.85575852875478,2.57718226473647,2.79384803462358,3.38049396638616,2.71933022203174,2.37850607441598,2.7890572976576,2.62644614572502,3.09715061138718,2.21621581894426,2.85287378009688,2.62921205187884,3.04544821310281,2.48745805084445,3.06042271232999,2.82242016461478,3.41221246296465,3.12686385732266,2.87462190434579,2.82578359263255,2.95390960443412,2.47474492734029,2.94775778325379,3.17620626712001,2.43516184271179,2.40880151725737,2.08775474530226,2.8476021151497,2.81208127242814,3.03066272264159,2.97558800159856,2.66971619083687,2.65780918614832,2.69204326156892,2.61696927757525,2.625602481474,2.71657393368867,3.07764805903591,2.16015218097919,2.10862481468165,2.72486196787813,3.06396018345997,3.22618172853634,3.14078847000139,2.21280587786887,2.8076042806493,2.58822411083237,2.53525173333853,2.40982266167376,2.80168016749087
"GSM800747",2.80157050019212,2.48638229617066,2.80681071729998,3.18282257907113,2.89694411012491,2.12210944433873,2.75480841893448,2.7031893145141,3.14556823008058,2.3202767069865,2.58944711385078,2.61770283221277,3.15372266242141,2.64117374724207,3.04873316011109,2.77054999231302,3.16279170289831,3.30998376583365,2.57278055290467,2.8276523938774,2.95626486141389,2.22925258790928,2.72585674195247,3.11096952898653,2.26859308729133,2.21995839758492,1.92686477599948,2.46672629783833,2.67751049735486,2.94609638391403,2.7791294201074,2.28046345727507,2.57139042660339,2.4397507805038,2.74126418585432,2.6964345692603,2.72416783766947,3.20239891391268,2.07041680753523,2.11594546242986,2.68383117440132,3.08783110580195,3.19006801782849,3.02534955465698,2.23065801165702,2.76082770901861,2.63310334070785,2.61570113549362,2.40203722521267,2.70850068734675
"GSM800748",3.18266687535316,2.52327338819109,2.97576590254271,3.30731048167796,3.29393838576327,2.32597926006985,2.74436564230645,2.58261380599795,3.19422576612447,2.38260085681457,2.78822213643326,2.57268597944819,3.11555767316914,2.45168061205455,3.35774904219214,2.79589783151626,3.4103003959404,3.2031118662383,2.74398020903186,2.76683682735764,3.34423198401168,2.20840488627845,2.89336803590033,3.24204452547259,2.4191828929301,2.27501002827167,2.22996315921518,2.64121074849503,2.68521357360798,3.0875901322559,2.86715318579584,2.43398762890868,2.81736129760906,2.56265029049256,2.81504046689876,2.67931569327883,2.74395221265991,3.17072627613155,2.54367651832277,2.08988792414443,2.86846947561002,2.9769556241681,3.23440934812101,2.88853285574933,2.45739466977572,2.86369864189545,2.85300956842204,2.85545755556648,2.56028697297891,2.75422050229272
"GSM800749",3.15965824608219,2.57024675345234,2.70875007531387,3.21871298294854,2.92305978196498,2.36741859551615,2.729241684688,2.46583606359031,2.95732031613001,2.24531919417786,2.7851487591044,2.44561018142393,3.16904950085547,2.5026870301607,3.09525438146733,2.83746293618574,3.08115041472619,2.98945331348358,2.92143823510156,2.82533178881912,3.03087985601612,2.21577177088915,2.91153628009407,3.18659246630777,2.41132048037112,2.33331209228942,2.10200297556514,2.76370900670297,2.92067822164155,3.20628062940777,2.93891054211565,2.2738679419143,2.91017619613884,2.76107034260439,2.78983982246336,2.64583536333274,2.85560107379264,2.92420442497204,2.50123785445795,1.97067698698828,2.83649982502136,3.00820718640574,3.01427672823668,3.16209722062903,2.41912085388609,2.85231251924301,2.78315278680454,2.75002545120389,2.52726555168187,2.72217964294235
"GSM800750",3.09350102039656,2.45646185851591,3.05839789385503,3.05482417145926,3.1806984759354,2.21428336872309,2.73076384305291,2.60663646955958,3.20516726981555,2.43778169563502,2.74271552326752,2.39468699160016,3.13011212220847,2.45182565145426,3.23968978965191,2.6871816545917,2.6872622931251,3.15021845834575,2.64133330836772,2.77396468671512,3.03283082440609,2.24152598954609,2.71344288119426,3.09441681773753,2.35828935001651,2.34246372083671,2.04508295106398,2.37863646646125,2.74686737712643,2.94706015372068,2.65134335884049,2.28205127777097,2.63715114439082,2.52087981516885,2.62294908709775,2.7049007295615,2.34316901163031,3.13266238191531,2.02396499080005,1.97380594815718,2.70812321293803,2.94793354017064,3.16610321395436,2.92337360337833,2.22860938835353,2.62654426853764,2.55356448156956,2.48465374773357,2.4895172463995,2.68589979277552
"GSM800751",3.11394881601087,2.43892888131126,2.94859337237015,3.15635130917791,3.09454180770771,2.15422673600185,2.75508625978834,2.57216450163278,3.08634219585287,2.29577885076284,2.74555574421688,2.55089820270849,3.02980092821472,2.54181712451091,3.2123203085061,2.77855764112926,3.21645641726338,2.9474024645191,2.74606333707812,2.79490863800355,3.15362052959718,2.24525833791669,2.86602567689372,3.20684011216741,2.42377446096048,2.22126771140888,2.16774970177648,2.70686425113314,2.77938580619894,3.16471871055787,2.92334127341714,2.52944367304547,2.61704453111625,2.62813199558527,2.64504448097965,2.69937617094812,2.76212553679117,3.04906612440161,2.18415966800907,2.03218902476547,2.86286792240145,3.09604590499216,3.16773525298431,3.04452002179545,2.25647026093131,2.77956020676249,2.54934634545544,2.55757673859637,2.43346693291622,2.728969701615
"GSM800752",3.3252568771668,2.51185510124068,3.20036153325338,2.98551682447356,3.40010068301548,2.4847800456838,2.76445444232253,2.64084300639432,3.26110200482092,2.34922371893827,2.94499334085533,2.52768592758001,2.76401274919203,2.57349813917277,3.43773376547874,2.76960038259491,2.09860146655682,3.2329554048356,2.76743445794037,2.67080861799117,3.20474327928623,2.22451265479608,2.85133528460312,2.90391557850352,2.27348306689762,2.4574130571749,1.99479692669139,2.22965251957988,2.86020799050582,3.14336729450843,2.65559683696462,2.59531268889072,2.22504659821534,2.63047536780466,2.62775623570566,2.71697772906693,2.31367540325802,3.09948036918101,2.00852632983567,1.9964321351197,2.63123701817608,2.33631766931949,2.84427918452775,2.95865154028134,2.87412610918581,2.44504067753689,2.41152658005043,2.57937568089056,2.65836231506121,2.97110205620767
"GSM800753",3.20669322987726,2.4511398821588,2.89406882234136,3.16103632174795,3.03498511186461,2.24993070886564,2.6161459356086,2.56140923720562,3.12639804181341,2.4016140846404,2.63321961506709,2.41054191726106,3.16152333572645,2.63536900211362,3.35003041728554,2.7138717425359,3.08149813792949,2.87564050407349,2.60440111263469,2.75936039643713,3.27074121971179,2.16270954261867,2.77845040733805,3.23905581155762,2.34788955426657,2.2622587487728,2.16362431857238,2.70713380555668,2.74339432552307,2.95735003606988,2.88612283561792,2.25957380179243,2.64468463589926,2.61487235897425,2.58186700582519,2.75077155857066,2.72495362049043,3.08680074691597,2.44476511589155,2.14134449999991,2.79147028337068,3.02694697663381,3.14304560170846,2.88189754584831,2.29647796471137,2.76755098825147,2.50427461259822,2.50306118527909,2.49575911045506,2.68775946450833
"GSM800754",2.92328231691682,2.5169379748454,2.92212361811392,3.26263310046643,3.1004142477081,2.04104668383837,2.80795866663556,2.7030187259662,3.15611827711247,2.36228752393808,2.4844165870163,2.46818707534114,3.10262789995184,2.52159604293214,3.13321333050294,2.76219571386859,3.1502932082896,3.3450556751793,2.58917622414512,2.84077339255008,3.03921561639226,2.11035990223788,2.71408722472655,3.13151375895892,2.29737339306918,2.3014618076735,2.04875582503941,2.3803332624063,2.62128764783518,2.75906419737935,2.70162224330554,2.28794503864452,2.45892002697164,2.23725471109853,2.67394983262983,2.67971203807278,2.53125917718141,3.17381662755286,1.90621333179232,1.78159052626667,2.68721301455694,3.20158524780033,3.14575896108763,2.75106517892656,2.19503886635188,2.6221314950331,2.52257807898248,2.68475591276209,2.31562419199272,2.57726687453915
"GSM800755",2.6871458137967,2.5528860809722,2.89213841072717,3.31637024061983,2.38484279471354,2.0774173425377,2.75899386780628,2.60524777929212,2.97024995155021,2.31450512025083,2.79723299799954,2.42660827652667,3.12909834016017,2.55348584277481,2.82746948432336,2.78200379864152,3.45547846929195,2.9646998938812,2.65239700489563,2.77806556163808,2.78336445303816,2.17541920944553,2.6905467199373,3.22531041059873,2.51169573536079,2.14554051493008,2.26164213465348,2.63176318384951,2.65872104977079,3.1231380826891,2.97168701163164,2.43586857881118,2.75238037892248,2.63441204899182,2.80734667806239,2.66900181302113,2.55078248683478,3.01750506921695,2.29058659472197,2.09213300069156,2.86163186255198,3.05023524877418,3.15215258497327,3.05124679586575,2.06031029693782,2.87571519929927,2.68315520180868,2.47324920949179,2.37494765216481,2.56383903892589
"GSM800756",3.04119916794167,2.39383351667199,2.9173286338593,3.31419040616655,2.90217972688028,2.17062694223714,2.68181804434553,2.63969060343374,3.06205434310955,2.37289360908944,2.62971331511833,2.53046533129251,3.08509317904575,2.57586654832252,3.04216102365569,2.76790899523226,3.28697870378548,3.02126828247062,2.65285357538155,2.76659728177921,2.90091509821994,2.1511931535427,2.80659215307214,3.24518378549816,2.32208389753859,2.28286380310807,2.16669295288622,2.8053440532131,2.69561527864418,3.0973461659073,2.91882126735384,2.4308847100035,2.50301792060122,2.66878629629649,2.648138671261,2.72497325957842,2.68296874832749,3.0232766465349,2.08865045409876,1.9609156971262,2.75529353695795,3.08030803175886,3.24478661483303,2.98517797378885,2.22355847197254,2.74070957496684,2.61967358779556,2.54258741721471,2.48058568533561,2.70663000721316
"GSM800757",2.93611022831464,2.47807097160593,2.88706509461548,3.20774763801433,2.88829320395333,2.18557163464624,2.67736165384446,2.52486857135162,3.04994784700514,2.42415889682457,2.74636866708769,2.43550058585578,2.92313776820536,2.46337658141622,3.04834605790459,2.81113189568444,3.34029164931521,3.12308343919524,2.67029650410749,2.88571882186559,2.91904445700501,2.27365314061248,2.90789436208675,3.17567469105085,2.64124081131432,2.3304035099427,2.0996722422173,2.60807115086422,2.71662441429207,3.14790254229396,2.88497685949041,2.42570098696618,2.3956989809964,2.58815453636088,2.78171011470941,2.73869002643005,2.67498710302746,3.0051987509878,2.3100230419007,1.94643143710372,2.7825469563603,3.08615363813192,3.14603767643998,3.08978964341372,2.62963172599329,2.81478008797312,2.70765951271305,2.30421896871636,2.20557393330905,2.54178987189923
"GSM800758",2.87024633974902,2.51148322013294,2.79958262924504,3.1650372157591,2.79150154019171,2.13975433861181,2.68166065019258,2.63784669622617,3.03861001101914,2.39495034171893,2.70327570881102,2.6928980504743,3.07582011470123,2.55374140318694,3.08815516872466,2.70214331158766,2.95796473002209,2.9245978051098,2.72630809076549,2.76385982390412,2.91627599077698,2.37357026333194,2.91113165003543,3.22187398847985,2.34258887823697,2.35404304747234,2.18950199154694,2.57620526649352,2.87786986690537,3.0811401863043,3.00551496757237,2.47846191956257,2.44117270362383,2.80320636730347,2.87635191737039,2.7710953651498,2.87502510413053,2.95323543480685,2.61152651702755,2.07990371790252,2.83226015296017,2.849358808852,3.0215294746576,3.01025349915194,2.48653676003232,2.9439025779581,2.67086299109063,2.43923482083018,2.6304613888111,2.60982586614963
